{
"lengthUnit": "mil",
"components": {
	"fields": ["COMPONENT_NO", "COMPONENT_NAME", "LAYER", "X_COORDINATE", "Y_COORDINATE", "ANGLE"],
	"rows": [
		[1, "BACKLIGHT_CONTROL", "T", 1215, -360, 270],
		[2, "LCD1", "T", 3240, 1440, 90],
		[3, "LED1", "T", 2475, 895, 270],
		[4, "R1", "T", 1690, -350, 0],
		[5, "R2", "T", 1900, -350, 0],
		[6, "R3", "T", 2465, 200, 270],
		[7, "R4", "T", 2465, -205, 270],
		[8, "U1", "T", -300, -175, 0],
		[9, "U2", "T", 510, -380, 0],
		[10, "PAD1", "T", 775, -490, 0],
		[11, "PAD1", "B", 775, -490, 0],
		[12, "PAD2", "T", 1795, -350, 0],
		[13, "PAD2", "B", 1795, -350, 0],
		[14, "PAD3", "T", 1580, -350, 0],
		[15, "PAD3", "B", 1580, -350, 0],
		[16, "PAD4", "T", 2465, 310, 0],
		[17, "PAD4", "B", 2465, 310, 0],
		[18, "PAD5", "T", 1455, -355, 0],
		[19, "PAD5", "B", 1455, -355, 0],
		[20, "PAD6", "T", 2475, 760, 0],
		[21, "PAD6", "B", 2475, 760, 0],
		[22, "PAD7", "T", 1870, 620, 0],
		[23, "PAD7", "B", 1870, 620, 0],
		[24, "PAD8", "T", 2000, 180, 0],
		[25, "PAD8", "B", 2000, 180, 0],
		[26, "PAD9", "T", 2010, -350, 0],
		[27, "PAD9", "B", 2010, -350, 0],
		[28, "PAD10", "T", 1795, -235, 0],
		[29, "PAD10", "B", 1795, -235, 0],
		[30, "PAD11", "T", 2115, 50, 0],
		[31, "PAD11", "B", 2115, 50, 0],
		[32, "PAD12", "T", 2460, 95, 0],
		[33, "PAD12", "B", 2460, 95, 0]
	]
},
"pins": {
	"fields": ["PIN_NO", "PIN_NAME", "PIN_X", "PIN_Y", "LAYER", "PIN_TYPE", "NET_NAME", "NET_TYPE", "PAD_SHAPE", "PAD_SIZEX", "PAD_SIZEY", "HOLE_SIZE", "PAD_ANGLE"],
	"rows": [
		[1, "BACKLIGHT_CONTROL_1", 1115, -358.01, "T", "DIP", "LCD1_2", "", "C", 65, 65, 30, 180],
		[2, "BACKLIGHT_CONTROL_1", 1115, -358.01, "B", "DIP", "LCD1_2", "", "C", 65, 65, 30, 180],
		[3, "BACKLIGHT_CONTROL_2", 1216, -356.01, "T", "DIP", "LCD1_3", "", "C", 65, 65, 30, 180],
		[4, "BACKLIGHT_CONTROL_2", 1216, -356.01, "B", "DIP", "LCD1_3", "", "C", 65, 65, 30, 180],
		[5, "BACKLIGHT_CONTROL_3", 1315, -356.01, "T", "DIP", "LCD1_1", "", "C", 65, 65, 30, 180],
		[6, "BACKLIGHT_CONTROL_3", 1315, -356.01, "B", "DIP", "LCD1_1", "", "C", 65, 65, 30, 180],
		[7, "LCD1_0", 2629.76, -36.38, "T", "DIP", "LCD1_0", "", "C", 125.98, 125.98, 103.35, 90],
		[8, "LCD1_0", 2629.76, -36.38, "B", "DIP", "LCD1_0", "", "C", 125.98, 125.98, 103.35, 90],
		[9, "LCD1_0", 3850.24, -36.38, "T", "DIP", "LCD1_A_0", "", "C", 125.98, 125.98, 103.35, 90],
		[10, "LCD1_0", 3850.24, -36.38, "B", "DIP", "LCD1_A_0", "", "C", 125.98, 125.98, 103.35, 90],
		[11, "LCD1_0", 2629.76, 2916.38, "T", "DIP", "LCD1_B_0", "", "C", 125.98, 125.98, 103.35, 90],
		[12, "LCD1_0", 2629.76, 2916.38, "B", "DIP", "LCD1_B_0", "", "C", 125.98, 125.98, 103.35, 90],
		[13, "LCD1_0", 3850.24, 2916.38, "T", "DIP", "LCD1_C_0", "", "C", 125.98, 125.98, 103.35, 90],
		[14, "LCD1_0", 3850.24, 2916.38, "B", "DIP", "LCD1_C_0", "", "C", 125.98, 125.98, 103.35, 90],
		[15, "LCD1_1", 2629.76, 180.16, "T", "DIP", "LCD1_1", "", "R", 62.99, 62.99, 39.37, 90],
		[16, "LCD1_1", 2629.76, 180.16, "B", "DIP", "LCD1_1", "", "R", 62.99, 62.99, 39.37, 90],
		[17, "LCD1_2", 2629.76, 280.16, "T", "DIP", "LCD1_2", "", "C", 62.99, 62.99, 39.37, 90],
		[18, "LCD1_2", 2629.76, 280.16, "B", "DIP", "LCD1_2", "", "C", 62.99, 62.99, 39.37, 90],
		[19, "LCD1_3", 2629.76, 380.16, "T", "DIP", "LCD1_3", "", "C", 62.99, 62.99, 39.37, 90],
		[20, "LCD1_3", 2629.76, 380.16, "B", "DIP", "LCD1_3", "", "C", 62.99, 62.99, 39.37, 90],
		[21, "LCD1_4", 2629.76, 480.16, "T", "DIP", "LCD1_4", "", "C", 62.99, 62.99, 39.37, 90],
		[22, "LCD1_4", 2629.76, 480.16, "B", "DIP", "LCD1_4", "", "C", 62.99, 62.99, 39.37, 90],
		[23, "LCD1_5", 2629.76, 580.16, "T", "DIP", "LCD1_5", "", "C", 62.99, 62.99, 39.37, 90],
		[24, "LCD1_5", 2629.76, 580.16, "B", "DIP", "LCD1_5", "", "C", 62.99, 62.99, 39.37, 90],
		[25, "LCD1_6", 2629.76, 680.16, "T", "DIP", "LCD1_6", "", "C", 62.99, 62.99, 39.37, 90],
		[26, "LCD1_6", 2629.76, 680.16, "B", "DIP", "LCD1_6", "", "C", 62.99, 62.99, 39.37, 90],
		[27, "LCD1_7", 2629.76, 780.16, "T", "DIP", "LCD1_7", "", "C", 62.99, 62.99, 39.37, 90],
		[28, "LCD1_7", 2629.76, 780.16, "B", "DIP", "LCD1_7", "", "C", 62.99, 62.99, 39.37, 90],
		[29, "LCD1_8", 2629.76, 880.16, "T", "DIP", "LCD1_8", "", "C", 62.99, 62.99, 39.37, 90],
		[30, "LCD1_8", 2629.76, 880.16, "B", "DIP", "LCD1_8", "", "C", 62.99, 62.99, 39.37, 90],
		[31, "LCD1_9", 2629.76, 980.16, "T", "DIP", "LCD1_9", "", "C", 62.99, 62.99, 39.37, 90],
		[32, "LCD1_9", 2629.76, 980.16, "B", "DIP", "LCD1_9", "", "C", 62.99, 62.99, 39.37, 90],
		[33, "LCD1_10", 2629.76, 1080.16, "T", "DIP", "LCD1_10", "", "C", 62.99, 62.99, 39.37, 90],
		[34, "LCD1_10", 2629.76, 1080.16, "B", "DIP", "LCD1_10", "", "C", 62.99, 62.99, 39.37, 90],
		[35, "LCD1_11", 2629.76, 1180.16, "T", "DIP", "LCD1_11", "", "C", 62.99, 62.99, 39.37, 90],
		[36, "LCD1_11", 2629.76, 1180.16, "B", "DIP", "LCD1_11", "", "C", 62.99, 62.99, 39.37, 90],
		[37, "LCD1_12", 2629.76, 1280.16, "T", "DIP", "LCD1_12", "", "C", 62.99, 62.99, 39.37, 90],
		[38, "LCD1_12", 2629.76, 1280.16, "B", "DIP", "LCD1_12", "", "C", 62.99, 62.99, 39.37, 90],
		[39, "LCD1_13", 2629.76, 1380.16, "T", "DIP", "LCD1_13", "", "C", 62.99, 62.99, 39.37, 90],
		[40, "LCD1_13", 2629.76, 1380.16, "B", "DIP", "LCD1_13", "", "C", 62.99, 62.99, 39.37, 90],
		[41, "LCD1_14", 2629.76, 1480.16, "T", "DIP", "LCD1_14", "", "C", 62.99, 62.99, 39.37, 90],
		[42, "LCD1_14", 2629.76, 1480.16, "B", "DIP", "LCD1_14", "", "C", 62.99, 62.99, 39.37, 90],
		[43, "LCD1_15", 2629.76, 1580.16, "T", "DIP", "LCD1_15", "", "C", 62.99, 62.99, 39.37, 90],
		[44, "LCD1_15", 2629.76, 1580.16, "B", "DIP", "LCD1_15", "", "C", 62.99, 62.99, 39.37, 90],
		[45, "LCD1_16", 2629.76, 1680.16, "T", "DIP", "LCD1_5", "", "C", 62.99, 62.99, 39.37, 90],
		[46, "LCD1_16", 2629.76, 1680.16, "B", "DIP", "LCD1_5", "", "C", 62.99, 62.99, 39.37, 90],
		[47, "LED1_1", 2475, 928.47, "T", "SMD", "LED1_1", "", "R", 39.37, 35.43, 0, 180],
		[48, "LED1_2", 2475, 861.54, "T", "SMD", "LED1_2", "", "R", 39.37, 35.43, 0, 180],
		[49, "R1_1", 1660.34, -350, "T", "SMD", "R1_1", "", "R", 31.75, 34.02, 0, 0],
		[50, "R1_2", 1719.66, -350, "T", "SMD", "R1_2", "", "R", 31.75, 34.02, 0, 0],
		[51, "R2_1", 1870.34, -350, "T", "SMD", "GND", "GND", "R", 31.75, 34.02, 0, 0],
		[52, "R2_2", 1929.66, -350, "T", "SMD", "R1_1", "", "R", 31.75, 34.02, 0, 0],
		[53, "R3_1", 2465, 229.66, "T", "SMD", "LCD1_15", "", "R", 31.75, 34.02, 0, 270],
		[54, "R3_2", 2465, 170.34, "T", "SMD", "LCD1_2", "", "R", 31.75, 34.02, 0, 270],
		[55, "R4_1", 2465, -175.34, "T", "SMD", "LED1_2", "", "R", 31.75, 34.02, 0, 270],
		[56, "R4_2", 2465, -234.66, "T", "SMD", "GND", "GND", "R", 31.75, 34.02, 0, 270],
		[57, "U1_1", 2200.3, 1825.29, "T", "DIP", "U1_1", "", "R", 67.2, 56, 33.4, 270],
		[58, "U1_1", 2200.3, 1825.29, "B", "DIP", "U1_1", "", "R", 67.2, 56, 33.4, 270],
		[59, "U1_2", 2100.3, 1825.29, "T", "DIP", "U1_2", "", "R", 67.2, 56, 33.4, 270],
		[60, "U1_2", 2100.3, 1825.29, "B", "DIP", "U1_2", "", "R", 67.2, 56, 33.4, 270],
		[61, "U1_3", 2000.3, 1825.29, "T", "DIP", "LCD1_14", "", "R", 67.2, 56, 33.4, 270],
		[62, "U1_3", 2000.3, 1825.29, "B", "DIP", "LCD1_14", "", "R", 67.2, 56, 33.4, 270],
		[63, "U1_4", 1900.3, 1825.29, "T", "DIP", "LCD1_13", "", "R", 67.2, 56, 33.4, 270],
		[64, "U1_4", 1900.3, 1825.29, "B", "DIP", "LCD1_13", "", "R", 67.2, 56, 33.4, 270],
		[65, "U1_5", 1800.3, 1825.29, "T", "DIP", "LCD1_12", "", "R", 67.2, 56, 33.4, 270],
		[66, "U1_5", 1800.3, 1825.29, "B", "DIP", "LCD1_12", "", "R", 67.2, 56, 33.4, 270],
		[67, "U1_6", 1700.3, 1825.29, "T", "DIP", "LCD1_11", "", "R", 67.2, 56, 33.4, 270],
		[68, "U1_6", 1700.3, 1825.29, "B", "DIP", "LCD1_11", "", "R", 67.2, 56, 33.4, 270],
		[69, "U1_7", 1600.3, 1825.29, "T", "DIP", "U1_7", "", "R", 67.2, 56, 33.4, 270],
		[70, "U1_7", 1600.3, 1825.29, "B", "DIP", "U1_7", "", "R", 67.2, 56, 33.4, 270],
		[71, "U1_8", 1500.3, 1825.29, "T", "DIP", "U1_8", "", "R", 67.2, 56, 33.4, 270],
		[72, "U1_8", 1500.3, 1825.29, "B", "DIP", "U1_8", "", "R", 67.2, 56, 33.4, 270],
		[73, "U1_9", 1340.3, 1825.29, "T", "DIP", "LED1_1", "", "R", 67.2, 56, 33.4, 270],
		[74, "U1_9", 1340.3, 1825.29, "B", "DIP", "LED1_1", "", "R", 67.2, 56, 33.4, 270],
		[75, "U1_10", 1240.3, 1825.29, "T", "DIP", "U1_10", "", "R", 67.2, 56, 33.4, 270],
		[76, "U1_10", 1240.3, 1825.29, "B", "DIP", "U1_10", "", "R", 67.2, 56, 33.4, 270],
		[77, "U1_11", 1140.3, 1825.29, "T", "DIP", "U1_11", "", "R", 67.2, 56, 33.4, 270],
		[78, "U1_11", 1140.3, 1825.29, "B", "DIP", "U1_11", "", "R", 67.2, 56, 33.4, 270],
		[79, "U1_12", 1040.3, 1825.29, "T", "DIP", "LCD1_6", "", "R", 67.2, 56, 33.4, 270],
		[80, "U1_12", 1040.3, 1825.29, "B", "DIP", "LCD1_6", "", "R", 67.2, 56, 33.4, 270],
		[81, "U1_13", 940.3, 1825.29, "T", "DIP", "LCD1_4", "", "R", 67.2, 56, 33.4, 270],
		[82, "U1_13", 940.3, 1825.29, "B", "DIP", "LCD1_4", "", "R", 67.2, 56, 33.4, 270],
		[83, "U1_14", 840.3, 1825.29, "T", "DIP", "U1_14", "", "R", 67.2, 56, 33.4, 270],
		[84, "U1_14", 840.3, 1825.29, "B", "DIP", "U1_14", "", "R", 67.2, 56, 33.4, 270],
		[85, "U1_15", 740.3, 1825.29, "T", "DIP", "U1_15", "", "R", 67.2, 56, 33.4, 270],
		[86, "U1_15", 740.3, 1825.29, "B", "DIP", "U1_15", "", "R", 67.2, 56, 33.4, 270],
		[87, "U1_16", 640.3, 1825.29, "T", "DIP", "U1_16", "", "R", 67.2, 56, 33.4, 270],
		[88, "U1_16", 640.3, 1825.29, "B", "DIP", "U1_16", "", "R", 67.2, 56, 33.4, 270],
		[89, "U1_17", 540.3, 1825.29, "T", "DIP", "U1_17", "", "R", 67.2, 56, 33.4, 270],
		[90, "U1_17", 540.3, 1825.29, "B", "DIP", "U1_17", "", "R", 67.2, 56, 33.4, 270],
		[91, "U1_18", 440.3, 1825.29, "T", "DIP", "U1_18", "", "R", 67.2, 56, 33.4, 270],
		[92, "U1_18", 440.3, 1825.29, "B", "DIP", "U1_18", "", "R", 67.2, 56, 33.4, 270],
		[93, "U1_19", 2200.3, -74.7, "T", "DIP", "U1_19", "", "R", 67.2, 56, 33.4, 90],
		[94, "U1_19", 2200.3, -74.7, "B", "DIP", "U1_19", "", "R", 67.2, 56, 33.4, 90],
		[95, "U1_20", 2100.3, -74.7, "T", "DIP", "U1_20", "", "R", 67.2, 56, 33.4, 90],
		[96, "U1_20", 2100.3, -74.7, "B", "DIP", "U1_20", "", "R", 67.2, 56, 33.4, 90],
		[97, "U1_21", 2000.3, -74.7, "T", "DIP", "U1_21", "", "R", 67.2, 56, 33.4, 90],
		[98, "U1_21", 2000.3, -74.7, "B", "DIP", "U1_21", "", "R", 67.2, 56, 33.4, 90],
		[99, "U1_22", 1900.3, -74.7, "T", "DIP", "U1_22", "", "R", 67.2, 56, 33.4, 90],
		[100, "U1_22", 1900.3, -74.7, "B", "DIP", "U1_22", "", "R", 67.2, 56, 33.4, 90],
		[101, "U1_23", 1800.3, -74.7, "T", "DIP", "U1_23", "", "R", 67.2, 56, 33.4, 90],
		[102, "U1_23", 1800.3, -74.7, "B", "DIP", "U1_23", "", "R", 67.2, 56, 33.4, 90],
		[103, "U1_24", 1700.3, -74.7, "T", "DIP", "R1_1", "", "R", 67.2, 56, 33.4, 90],
		[104, "U1_24", 1700.3, -74.7, "B", "DIP", "R1_1", "", "R", 67.2, 56, 33.4, 90],
		[105, "U1_25", 1500.3, -74.7, "T", "DIP", "U1_25", "", "R", 67.2, 56, 33.4, 90],
		[106, "U1_25", 1500.3, -74.7, "B", "DIP", "U1_25", "", "R", 67.2, 56, 33.4, 90],
		[107, "U1_26", 1400.3, -74.7, "T", "DIP", "LCD1_5", "", "R", 67.2, 56, 33.4, 90],
		[108, "U1_26", 1400.3, -74.7, "B", "DIP", "LCD1_5", "", "R", 67.2, 56, 33.4, 90],
		[109, "U1_27", 1300.3, -74.7, "T", "DIP", "LCD1_1", "", "R", 67.2, 56, 33.4, 90],
		[110, "U1_27", 1300.3, -74.7, "B", "DIP", "LCD1_1", "", "R", 67.2, 56, 33.4, 90],
		[111, "U1_28", 1200.3, -74.7, "T", "DIP", "LCD1_2", "", "R", 67.2, 56, 33.4, 90],
		[112, "U1_28", 1200.3, -74.7, "B", "DIP", "LCD1_2", "", "R", 67.2, 56, 33.4, 90],
		[113, "U1_29", 1100.3, -74.7, "T", "DIP", "U1_29", "", "R", 67.2, 56, 33.4, 90],
		[114, "U1_29", 1100.3, -74.7, "B", "DIP", "U1_29", "", "R", 67.2, 56, 33.4, 90],
		[115, "U1_30", 1000.3, -74.7, "T", "DIP", "U1_30", "", "R", 67.2, 56, 33.4, 90],
		[116, "U1_30", 1000.3, -74.7, "B", "DIP", "U1_30", "", "R", 67.2, 56, 33.4, 90],
		[117, "U1_31", 900.3, -74.7, "T", "DIP", "U1_31", "", "R", 67.2, 56, 33.4, 90],
		[118, "U1_31", 900.3, -74.7, "B", "DIP", "U1_31", "", "R", 67.2, 56, 33.4, 90],
		[119, "U1_32", 800.3, -74.71, "T", "DIP", "U1_32", "", "R", 67.2, 56, 33.4, 90],
		[120, "U1_32", 800.3, -74.71, "B", "DIP", "U1_32", "", "R", 67.2, 56, 33.4, 90],
		[121, "U2_1", 411.58, -380, "T", "DIP", "GND", "GND", "C", 167.32, 167.32, 68.9, 0],
		[122, "U2_1", 411.58, -380, "B", "DIP", "GND", "GND", "C", 167.32, 167.32, 68.9, 0],
		[123, "U2_2", 608.43, -380, "T", "DIP", "R1_2", "", "C", 167.32, 167.32, 68.9, 0],
		[124, "U2_2", 608.43, -380, "B", "DIP", "R1_2", "", "C", 167.32, 167.32, 68.9, 0],
		[125, "PAD1_4", 775, -490, "T", "DIP", "R1_2", "", "C", 60, 60, 36, 0],
		[126, "PAD1_4", 775, -490, "B", "DIP", "R1_2", "", "C", 60, 60, 36, 0],
		[127, "PAD2_6", 1795, -350, "T", "DIP", "R1_2", "", "C", 60, 60, 36, 0],
		[128, "PAD2_6", 1795, -350, "B", "DIP", "R1_2", "", "C", 60, 60, 36, 0],
		[129, "PAD3_9", 1580, -350, "T", "DIP", "R1_1", "", "C", 60, 60, 36, 0],
		[130, "PAD3_9", 1580, -350, "B", "DIP", "R1_1", "", "C", 60, 60, 36, 0],
		[131, "PAD4_10", 2465, 310, "T", "DIP", "LCD1_15", "", "C", 60, 60, 36, 0],
		[132, "PAD4_10", 2465, 310, "B", "DIP", "LCD1_15", "", "C", 60, 60, 36, 0],
		[133, "PAD5_12", 1455, -355, "T", "DIP", "LCD1_3", "", "C", 60, 60, 36, 0],
		[134, "PAD5_12", 1455, -355, "B", "DIP", "LCD1_3", "", "C", 60, 60, 36, 0],
		[135, "PAD6_13", 2475, 760, "T", "DIP", "LED1_2", "", "C", 60, 60, 36, 0],
		[136, "PAD6_13", 2475, 760, "B", "DIP", "LED1_2", "", "C", 60, 60, 36, 0],
		[137, "PAD7_16", 1870, 620, "T", "DIP", "LED1_2", "", "C", 60, 60, 36, 0],
		[138, "PAD7_16", 1870, 620, "B", "DIP", "LED1_2", "", "C", 60, 60, 36, 0],
		[139, "PAD8_17", 2000, 180, "T", "DIP", "LCD1_1", "", "C", 60, 60, 36, 0],
		[140, "PAD8_17", 2000, 180, "B", "DIP", "LCD1_1", "", "C", 60, 60, 36, 0],
		[141, "PAD9_18", 2010, -350, "T", "DIP", "R1_1", "", "C", 60, 60, 36, 0],
		[142, "PAD9_18", 2010, -350, "B", "DIP", "R1_1", "", "C", 60, 60, 36, 0],
		[143, "PAD10_19", 1795, -235, "T", "DIP", "R1_1", "", "C", 60, 60, 36, 0],
		[144, "PAD10_19", 1795, -235, "B", "DIP", "R1_1", "", "C", 60, 60, 36, 0],
		[145, "PAD11_20", 2115, 50, "T", "DIP", "LCD1_2", "", "C", 60, 60, 36, 0],
		[146, "PAD11_20", 2115, 50, "B", "DIP", "LCD1_2", "", "C", 60, 60, 36, 0],
		[147, "PAD12_22", 2460, 95, "T", "DIP", "LCD1_2", "", "C", 60, 60, 36, 0],
		[148, "PAD12_22", 2460, 95, "B", "DIP", "LCD1_2", "", "C", 60, 60, 36, 0]
	]
}
}